[
  {
    "id": "eaf5baf2-4335-40fc-9f64-da6f7616073c",
    "data": [
      {
        "text": "Necesito ",
        "userDefined": false
      },
      {
        "text": "un",
        "alias": "number",
        "meta": "@sys.number",
        "userDefined": false
      },
      {
        "text": " ejecutivo",
        "userDefined": false
      }
    ],
    "isTemplate": false,
    "count": 0
  },
  {
    "id": "d484431b-2756-47bb-8422-dd8f728e256d",
    "data": [
      {
        "text": "Contactar ejecutivo",
        "userDefined": false
      }
    ],
    "isTemplate": false,
    "count": 0
  },
  {
    "id": "3d3969a7-21b7-482c-9de4-82a2b45a61fa",
    "data": [
      {
        "text": "Quiero hablar con ",
        "userDefined": false
      },
      {
        "text": "un",
        "alias": "number",
        "meta": "@sys.number",
        "userDefined": false
      },
      {
        "text": " ejecutivo",
        "userDefined": false
      }
    ],
    "isTemplate": false,
    "count": 0
  },
  {
    "id": "44521533-bb94-452b-9e91-50dce65b500c",
    "data": [
      {
        "text": "Quiero que me contacte ",
        "userDefined": false
      },
      {
        "text": "un",
        "alias": "number",
        "meta": "@sys.number",
        "userDefined": false
      },
      {
        "text": " ejecutivo",
        "userDefined": false
      }
    ],
    "isTemplate": false,
    "count": 0
  },
  {
    "id": "d5fde835-312a-4ed0-ae26-36c801b5b4f9",
    "data": [
      {
        "text": "Quiero que me contacte ",
        "userDefined": false
      },
      {
        "text": "un",
        "meta": "@sys.ignore",
        "userDefined": false
      },
      {
        "text": " ejecutivo a mi número  ",
        "userDefined": false
      },
      {
        "text": "2244556677.",
        "alias": "number",
        "meta": "@sys.number",
        "userDefined": false
      },
      {
        "text": " Mi nombre es ",
        "userDefined": false
      },
      {
        "text": "Eduardo",
        "alias": "given-name",
        "meta": "@sys.given-name",
        "userDefined": true
      }
    ],
    "isTemplate": false,
    "count": 0
  }
]