[
  {
    "id": "89283dec-6649-4213-9464-210a0c7895bd",
    "data": [
      {
        "text": "iniciar",
        "userDefined": false
      }
    ],
    "isTemplate": false,
    "count": 0
  },
  {
    "id": "3d2cd10c-6493-4d56-887c-c9b6826b1384",
    "data": [
      {
        "text": "necesito ayuda",
        "userDefined": false
      }
    ],
    "isTemplate": false,
    "count": 0
  },
  {
    "id": "90dc7105-421b-4a85-9c73-f7ebdf13e857",
    "data": [
      {
        "text": "ayuda",
        "userDefined": false
      }
    ],
    "isTemplate": false,
    "count": 0
  },
  {
    "id": "c18f0e1a-3af7-4d7c-8257-46cf43cc17b7",
    "data": [
      {
        "text": "hola",
        "userDefined": false
      }
    ],
    "isTemplate": false,
    "count": 0,
    "updated": 0
  },
  {
    "id": "d5c44cd4-2253-401d-a21a-5c9e6468413c",
    "data": [
      {
        "text": "hey",
        "userDefined": false
      }
    ],
    "isTemplate": false,
    "count": 0,
    "updated": 0
  },
  {
    "id": "0f134bd3-5476-43e1-b902-ec1a5e4d90a8",
    "data": [
      {
        "text": "saludos",
        "userDefined": false
      }
    ],
    "isTemplate": false,
    "count": 0,
    "updated": 0
  },
  {
    "id": "38abf3a9-30e8-44b7-85cf-c8b37ddac6fc",
    "data": [
      {
        "text": "hey ho",
        "userDefined": false
      }
    ],
    "isTemplate": false,
    "count": 0,
    "updated": 0
  },
  {
    "id": "82637a75-35ad-4b9b-bb45-4e70f980e364",
    "data": [
      {
        "text": "chao",
        "userDefined": false
      }
    ],
    "isTemplate": false,
    "count": 0,
    "updated": 0
  }
]