[
  {
    "id": "b06a8d91-8de3-4650-a95d-afeaf4327e02",
    "data": [
      {
        "text": "la aplicacion crashea",
        "userDefined": false
      }
    ],
    "isTemplate": false,
    "count": 1,
    "updated": 0
  },
  {
    "id": "34101216-bba2-40a1-9b09-623755d22e67",
    "data": [
      {
        "text": "¿Porque se cierra la aplicación ?",
        "userDefined": false
      }
    ],
    "isTemplate": false,
    "count": 0
  },
  {
    "id": "223d9652-5776-4d4b-82fc-ad1ab3c8b6ac",
    "data": [
      {
        "text": "Problemas con la aplicación que se cierra",
        "userDefined": false
      }
    ],
    "isTemplate": false,
    "count": 0
  },
  {
    "id": "28892662-ac05-4a09-b3b9-566f47c58876",
    "data": [
      {
        "text": "¿Qué hacer si la aplicación se me cierra?",
        "userDefined": false
      }
    ],
    "isTemplate": false,
    "count": 0
  },
  {
    "id": "dc6b6a2d-b518-4576-8f25-64600853b536",
    "data": [
      {
        "text": "¿Qué hago si la aplicación se me cierra?",
        "userDefined": false
      }
    ],
    "isTemplate": false,
    "count": 0
  },
  {
    "id": "01491856-89ea-4ef7-a6f2-21f72b0d250b",
    "data": [
      {
        "text": "¿Qué pasa si la aplicación se me cierra?",
        "userDefined": false
      }
    ],
    "isTemplate": false,
    "count": 0
  }
]